Title,Channel,Views,Likes,Comments,Hashtags_Count,Caption_Length,Posting_Hour,Video_Link,Title_Clean,Like_Rate,Comment_Rate,Engagement_Score
"Rama | Namit Malhotra’s Ramayana | Nitesh Tiwari | Ranbir, Yash, Hans Zimmer & A.R. Rahman",Sony Music India,4087432,147091,11620,10,1379,9,https://www.youtube.com/watch?v=1pnKd6YHmV4,"Rama Namit Malhotras Ramayana Nitesh Tiwari Ranbir, Yash, Hans Zimmer A.R. Rahman",3.598616441814812,0.28428607497323505,4.167188591761282
Namit Malhotra’s Ramayana Rama Trailer • Reaction,thePJ,707600,42137,3825,3,1098,4,https://www.youtube.com/watch?v=QqdrrWqrA0M,Namit Malhotras Ramayana Rama Trailer Reaction,5.954918032786885,0.5405596382136801,7.036037309214246
LEVEL 1 VS LEVEL 100 MINECRAFT CANNON,Ujjwal,1020256,67499,5818,0,530,9,https://www.youtube.com/watch?v=5bdsq08pG-E,LEVEL 1 VS LEVEL 100 MINECRAFT CANNON,6.6158885613022616,0.5702490355361791,7.756386632374619
BTS (방탄소년단) '2.0' Official MV,HYBE LABELS,17495380,2840568,197542,4,3687,15,https://www.youtube.com/watch?v=_gyultVTesk,BTS '2.0' Official MV,16.236103474174325,1.129109513482988,18.4943225011403
Ramayana Rama Teaser Breakdown,FlickVerse,646280,40042,4717,0,1421,8,https://www.youtube.com/watch?v=BYu8XcBr3_4,Ramayana Rama Teaser Breakdown,6.195766540818221,0.729869406449217,7.655505353716656
Minecraft But Item Have Babies !,Carry Depie,575600,10505,742,2,76,12,https://www.youtube.com/watch?v=kbZ-QB7_Ff4,Minecraft But Item Have Babies !,1.8250521195274496,0.12890896455872133,2.0828700486448923
"DIDI (SHER-E-BALOCH) (Full Video) | Dhurandhar The Revenge | Ranveer Singh | Shashwat Sachdev,Khaled",T-Series,2596032,57893,2062,3,1266,6,https://www.youtube.com/watch?v=hnEGQH4LP2c,"DIDI SHER-E-BALOCH Full Video Dhurandhar The Revenge Ranveer Singh Shashwat Sachdev,Khaled",2.2300572566131693,0.0794289130488376,2.3889150827108447
Namit Malhotra’s Ramayana Rama Trailer Review,PJ Explained,510641,29590,2856,3,1435,8,https://www.youtube.com/watch?v=CL2CPTXTmeQ,Namit Malhotras Ramayana Rama Trailer Review,5.794677669830664,0.5592970403864946,6.913271750603653
RANK PUSH TO #1 | CONQUEROR RANK PUSH OR WHAT | BGMI LIVE,LoLzZz Gaming,364308,21227,23,0,758,22,https://www.youtube.com/watch?v=hbPB0Xh3R9M,RANK PUSH TO #1 CONQUEROR RANK PUSH OR WHAT BGMI LIVE,5.826663153156121,0.00631333926238238,5.839289831680885
#Video | कमर में दागी | #Khesari Lal Yadav & Shilpi Raj | Kamar Me Dagi | Sona Dey | #Bhojpuri Song,Aaradhya Films,4942004,219602,23953,11,1170,2,https://www.youtube.com/watch?v=JUhcNNwha7w,#Video कमर म दग #Khesari Lal Yadav Shilpi Raj Kamar Me Dagi Sona Dey #Bhojpuri Song,4.443581996291384,0.48468192255611287,5.41294584140361
Kathanar -Official Trailer (Malayalam) | Jayasurya | Anushka Shetty | Rojin Thomas | Gokulam Gopalan,Sree Gokulam Movies,3112355,106984,6718,17,2899,8,https://www.youtube.com/watch?v=VRPF2tXQ06c,Kathanar -Official Trailer Malayalam Jayasurya Anushka Shetty Rojin Thomas Gokulam Gopalan,3.437397083558913,0.2158494130650263,3.8690959096889657
Stealing Gas Fuel to Survive in Minecraft..,Karry Kraft,882163,13475,827,2,94,13,https://www.youtube.com/watch?v=xD_19TsNSgU,Stealing Gas Fuel to Survive in Minecraft..,1.5274954855281848,0.09374684723798209,1.714989180004149
हनुमान जयंती को यह चमत्कारी सुन्दरकाण्ड घर में चलाकर रख देना सभी संकट जड़से खत्म और धनवर्षा शुरू#ram,Panchmukhi Hanuman,472487,5882,636,37,3908,21,https://www.youtube.com/watch?v=CU2qSkCPqBY,हनमन जयत क यह चमतकर सनदरकणड घर म चलकर रख दन सभ सकट जड़स खतम और धनवरष शर#ram,1.244901976139026,0.13460687807283586,1.5141157322846979
Oru Durooha Saahacharyathil Official Trailer | Kunchacko Boban | Sajin Gopu | Ratheesh Balakrishnan,Magic Frames,331949,10307,375,8,1959,13,https://www.youtube.com/watch?v=jxVm2wvIYLM,Oru Durooha Saahacharyathil Official Trailer Kunchacko Boban Sajin Gopu Ratheesh Balakrishnan,3.104995044419474,0.11296916092532287,3.33093336627012
I Made a DREAM PvP Team for REVENGE in Himlands Minecraft SMP,YesSmartyPie,540414,61393,2941,2,1025,7,https://www.youtube.com/watch?v=uzZqM0lIvXg,I Made a DREAM PvP Team for REVENGE in Himlands Minecraft SMP,11.360364461320396,0.5442124001228688,12.448789261566134
Sunlo Pukar (Official Video) Hansraj Raghuwanshi | Hanuman Janmotsav Special Bhajan 2026,Hansraj Raghuwanshi,1189676,30305,2211,19,2266,12,https://www.youtube.com/watch?v=0duXPhS37SY,Sunlo Pukar Official Video Hansraj Raghuwanshi Hanuman Janmotsav Special Bhajan 2026,2.5473322148215143,0.1858489202102085,2.9190300552419313
Raja Shivaji First Look  Hindi Teaser | Riteish D | Genelia D | Sanjay D | In Cinemas 1 May 2026,JioStudios,1656392,67202,5427,1,2006,13,https://www.youtube.com/watch?v=FkxNoRIXDPY,Raja Shivaji First Look Hindi Teaser Riteish D Genelia D Sanjay D In Cinemas 1 May 2026,4.05713140367739,0.3276398340489449,4.71241107177528
🔴[Live Free Fire New Rank Season Rank Push Live !!,VISHNU RAJPUT GAMING,833699,13233,6,9,110,13,https://www.youtube.com/watch?v=lw3TZtSXfbk,Live Free Fire New Rank Season Rank Push Live !!,1.5872635087723508,0.0007196842025719115,1.5887028771774947
#Pawan Singh | #Video - शहरिया | #Shivani Singh | Shahariya | Bhojpuri New Song 2026,As Manoranjan,1928520,110818,12902,6,1376,0,https://www.youtube.com/watch?v=-GvN9fA2WG4,#Pawan Singh #Video - शहरय #Shivani Singh Shahariya Bhojpuri New Song 2026,5.746271752431917,0.6690104328708025,7.084292618173522
Aakhri Sawal Teaser | Yeh Sirf Shuruaat Hai | Sanjay Dutt | Namashi | Amit Sadh | Sameera Reddy,Nikhil Nanda Motion Pictures ,1175419,45127,2925,1,2100,5,https://www.youtube.com/watch?v=xgR3eFTxLKY,Aakhri Sawal Teaser Yeh Sirf Shuruaat Hai Sanjay Dutt Namashi Amit Sadh Sameera Reddy,3.8392266927793406,0.2488474322773411,4.336921557334023
Dig Tunnel to Escape School! 😱,Tyro Gaming,268260,3203,276,0,182,13,https://www.youtube.com/watch?v=CQ1KZqSA6Go,Dig Tunnel to Escape School!,1.1939909043465293,0.10288526056810557,1.3997614254827404
Nas Nas Kyu Dukhe पिया मेरी नस नस के हो दुखे || Anjali Raghav & Karan Chaudhary !! Brajbhasha Song,Dil Hits Haryanvi,234504,869,13,15,3003,1,https://www.youtube.com/watch?v=5iykaIgRFE8,Nas Nas Kyu Dukhe पय मर नस नस क ह दख Anjali Raghav Karan Chaudhary !! Brajbhasha Song,0.37056937195101153,0.005543615460717088,0.3816566028724457
"Love Insurance Kompany (Telugu) Teaser | Pradeep Ranganathan, Anirudh, Vignesh Shivan, Krithi Shetty",Sony Music South,1378407,51929,1114,0,1994,5,https://www.youtube.com/watch?v=kb5AJIaZo-E,"Love Insurance Kompany Telugu Teaser Pradeep Ranganathan, Anirudh, Vignesh Shivan, Krithi Shetty",3.7673198119278264,0.08081792968259738,3.9289556712930214
"Rs1 vs Rs 1,00,000 ILLEGAL ITEMS MINING CHALLENGE IN MINECRAFT..",Junkeyy,253518,7942,646,3,243,14,https://www.youtube.com/watch?v=f56bWVDHniY,"Rs1 vs Rs 1,00,000 ILLEGAL ITEMS MINING CHALLENGE IN MINECRAFT..",3.132716414613558,0.25481425382024153,3.642344922254041
@SaiAbhyankkar  - Pavazha Malli (Unplugged) | Shruti Haasan | Vivek | Think Indie,Think Music India,1544937,73222,1228,5,1154,11,https://www.youtube.com/watch?v=ZpZZvIOcdwE,- Pavazha Malli Unplugged Shruti Haasan Vivek Think Indie,4.739481286291933,0.07948544180118672,4.898452169894306
Kathanar | Trailer Reaction | Jayasurya | Rojin Thomas | Gokulam Gopalan,LifeofShazzam,248100,13211,772,0,48,6,https://www.youtube.com/watch?v=Wh1jECxzTeI,Kathanar Trailer Reaction Jayasurya Rojin Thomas Gokulam Gopalan,5.324869004433696,0.31116485288190243,5.947198710197501
🌿FREE FIRE LIVE🌿PLAYING BR-RANKED😎2X AWM SPEED GAME PLAY 🎮🎯 ON LIVE - GARENA FREE FIRE,DAD I AM OK GAMING,329730,4940,1,3,128,21,https://www.youtube.com/watch?v=qRpb4SPEm2Q,FREE FIRE LIVEPLAYING BR-RANKED2X AWM SPEED GAME PLAY ON LIVE - GARENA FREE FIRE,1.4981954932823827,0.000303278439935705,1.498802050162254
#Video - कुलींग करे वाला चोली - #Ashish Yadav का इस साल का पहला चईत सांग - #Magahi Chaita Song 2026,Aashish Yadav Entertainment,314337,21358,1382,0,1190,1,https://www.youtube.com/watch?v=kAVYaC-L2t0,#Video - कलग कर वल चल - #Ashish Yadav क इस सल क पहल चईत सग - #Magahi Chaita Song 2026,6.794618514524221,0.43965552893868687,7.673929572401595
RAMA | Namit Malhotra’s RAMAYANA | Nitesh Tiwari | Ranbir | Hans Zimmer & A.R. Rahman | REACTION!,G.O.T Games,75463,4188,331,36,3633,8,https://www.youtube.com/watch?v=hiGiVaFx2xs,RAMA Namit Malhotras RAMAYANA Nitesh Tiwari Ranbir Hans Zimmer A.R. Rahman REACTION!,5.549739607489763,0.4386255515948213,6.426990710679406
My V Badge ID Banned Bye Bye 💔 ,SATVIK,1138473,50071,5159,0,0,4,https://www.youtube.com/watch?v=tsCJm56CpQs,My V Badge ID Banned Bye Bye,4.39808410036953,0.4531508432786724,5.304385786926876
हनुमान जयंती स्पेशल भजन | Hanuman Janmotsav Bhajan | Hanuman Janmotsanv 2026 | Hanuman Jayanti 2026,Bhakti Sadhna भक्ति साधना,379767,2640,185,68,3573,23,https://www.youtube.com/watch?v=_-P_xOtiOSg,हनमन जयत सपशल भजन Hanuman Janmotsav Bhajan Hanuman Janmotsanv 2026 Hanuman Jayanti 2026,0.6951630868400888,0.048714079949021376,0.7925912467381315
Ramayana Rama Teaser Pre-REVIEW | Deeksha Sharma,Filmi Indian,455336,17104,971,3,543,7,https://www.youtube.com/watch?v=eTR0ohiIsnM,Ramayana Rama Teaser Pre-REVIEW Deeksha Sharma,3.756346961364794,0.21324911713547795,4.18284519563575
Mithe Tere Bol Pari - Masoom Sharma | Aman Jaji | Pranjal Dahiya | New Haryanvi Song 2026,Freefore81,151106,425,11,12,1736,14,https://www.youtube.com/watch?v=UeWuDOH8NvE,Mithe Tere Bol Pari - Masoom Sharma Aman Jaji Pranjal Dahiya New Haryanvi Song 2026,0.28125951318941667,0.007279657988431961,0.2958188291662806
श्री हनुमान जन्मोत्सव स्पेशल :- श्री हनुमान भक्तिगीते व आरती | Hanuman Songs | Hanuman Bhaktigeete,Wings Marathi Bhakti,119280,515,24,3,1087,22,https://www.youtube.com/watch?v=8MDamkMUCmY,शर हनमन जनमतसव सपशल - शर हनमन भकतगत व आरत Hanuman Songs Hanuman Bhaktigeete,0.431757209926224,0.02012072434607646,0.4719986586183769
Rama | Namit Malhotra's Ramayna Glimpse Reaction And Review | Yash Ramayana Official Teaser |Prabhas,Ra One For You,78949,2927,338,9,760,5,https://www.youtube.com/watch?v=qlRA2994tn8,Rama Namit Malhotra's Ramayna Glimpse Reaction And Review Yash Ramayana Official Teaser Prabhas,3.7074567125612736,0.4281244854273012,4.563705683415876
I Secretly Used //INFINITE to Cheat in Minecraft,Mc flame,176999,2804,82,5,555,7,https://www.youtube.com/watch?v=gS2F7N7KK-I,I Secretly Used INFINITE to Cheat in Minecraft,1.5841897411849784,0.04632794535562348,1.6768456318962253
श्री हनुमान चालीसा 🌺🙏 shree hanuman chalisa original video 🙏🌺gulshan kumarhariharan full h,Aarvi Bhakti Bhajan,89886,724,20,92,3477,2,https://www.youtube.com/watch?v=CVfgEkFR-R0,शर हनमन चलस shree hanuman chalisa original video gulshan kumarhariharan full h,0.8054646997307701,0.022250406069910775,0.8499655118705917
SUPERGIRL | Official Trailer,DC,11988036,256627,14741,1,1519,16,https://www.youtube.com/watch?v=s1-pfiVMKAs,SUPERGIRL Official Trailer,2.140692603859381,0.12296426203591648,2.386621127931214
THE END | Resident Evil Requiem - Part 11,BeastBoyShub,604022,51064,4757,0,708,12,https://www.youtube.com/watch?v=U7VOy3W0cCo,THE END Resident Evil Requiem - Part 11,8.453996708729154,0.7875540957117457,10.029104900152646
"हनुमान जयंती Special | हनुमान जयंती कथा | हनुमान जन्म कथा | Ds Pal, Hanuman Jayanti Katha 2026,Katha",Sonotek Bhakti,164037,2016,129,10,2477,22,https://www.youtube.com/watch?v=uXNWe2z1iv8,"हनमन जयत Special हनमन जयत कथ हनमन जनम कथ Ds Pal, Hanuman Jayanti Katha 2026,Katha",1.2289910203185868,0.07864079445490957,1.386272609228406
Manithan Deivamagalam - Official Trailer | Selvaraghavan | Kushee Ravi | Dennis Manjunath,Saregama Tamil,84109,1796,47,5,2111,12,https://www.youtube.com/watch?v=xBA1JMHfiTw,Manithan Deivamagalam - Official Trailer Selvaraghavan Kushee Ravi Dennis Manjunath,2.135324400480329,0.05587987016847187,2.247084140817273
HACKER WON GAMING PC IN SOLO TOURNAMENT ?  REACTION 😱,Desi Army,490692,23892,1350,4,674,12,https://www.youtube.com/watch?v=25WWnL2wJdA,HACKER WON GAMING PC IN SOLO TOURNAMENT ? REACTION,4.869042087500917,0.2751216649140398,5.419285417328997
Hanuman jayanthi Songs | హనుమాన్ జయంతి స్పెషల్ పాటలు | Hanuman Songs   Powerful Hanuman songs,Maha Mantram - మహా మంత్రం ,99124,430,33,2,858,22,https://www.youtube.com/watch?v=4IRFnp_6mrg,Hanuman jayanthi Songs హనమన జయత సపషల పటల Hanuman Songs Powerful Hanuman songs,0.43380008877769255,0.033291634720148504,0.5003833582179895
Ranbir Kapoor की Ramayana का Teaser देख लोग क्यों बोल रहे- ये हमारी रामायण नहीं? Namit Malhotra,Lallantop Cinema,59382,1316,125,0,635,12,https://www.youtube.com/watch?v=msr70dqQL6A,Ranbir Kapoor क Ramayana क Teaser दख लग कय बल रह- य हमर रमयण नह? Namit Malhotra,2.216159779057627,0.21050149877067126,2.6371627765989696
Kab aaoge Pardesi Piya 💔🥀 sad song had teaching 😭💔 breakup songs 😭💔 gaming ,Vishnu tha mugic,413534,909,18,5,407,17,https://www.youtube.com/watch?v=UqpyPrFkqYY,Kab aaoge Pardesi Piya sad song had teaching breakup songs gaming,0.21981263934767156,0.004352725531637061,0.22851809041094567
 New Song 2026 | Dil Tere Naam | Ranveer Singh | Sara Arjun | New Hindi Song | Romantic Song 2026,Prakash Jojawar,323500,2386,53,29,2814,2,https://www.youtube.com/watch?v=QAFcT4qqlF8,New Song 2026 Dil Tere Naam Ranveer Singh Sara Arjun New Hindi Song Romantic Song 2026,0.7375579598145287,0.016383307573415766,0.7703245749613602
SPIDER-MAN: BRAND NEW DAY - Official Trailer (Hindi) | Exclusively In Cinemas 31 July,Sony Pictures Entertainment India,1116902,35480,528,16,638,9,https://www.youtube.com/watch?v=E1kipafZW2I,SPIDER-MAN BRAND NEW DAY - Official Trailer Hindi Exclusively In Cinemas 31 July,3.1766439669729305,0.04727361935066819,3.271191205674267
GTA 5 : Franklin Finally Took His Revenge From The Car Showroom In Gta 5 !,Flight Gamer,225549,7425,566,0,699,7,https://www.youtube.com/watch?v=n1Yd6NkRFok,GTA 5 Franklin Finally Took His Revenge From The Car Showroom In Gta 5 !,3.2919675990582977,0.2509432540157571,3.793854107089812
चीता - जय भीम बोल के | Sanjay Yaduvanshi |,Sanjay Sultanpuriya ,82628,14561,3772,2,830,12,https://www.youtube.com/watch?v=BfudSWLBAK0,चत - जय भम बल क Sanjay Yaduvanshi,17.62235561795033,4.565038485743331,26.752432589436992
Raja Shivaji First Look Teaser Review | Yogi Bolta Hai,YOGI BOLTA HAI,299488,12440,677,8,1920,4,https://www.youtube.com/watch?v=kGRp3Tgjivw,Raja Shivaji First Look Teaser Review Yogi Bolta Hai,4.15375574313495,0.22605246286996472,4.60586066887488
NEW SQUAD SERIOUS 18 WWCD STREAK CHALLENGE  - #iQOO #iQOO15R,Snax Gaming,297442,17608,13,1,395,13,https://www.youtube.com/watch?v=6c8IlAhVRdI,NEW SQUAD SERIOUS 18 WWCD STREAK CHALLENGE - #iQOO #iQOO15R,5.919809576320762,0.0043705999825176005,5.928550776285797
താലത്തിൽ വെള്ളമെടുത്തു | പെസഹാ വ്യാഴാഴ്ചകളെ എന്നും ഭക്തിസാന്ദ്രമാക്കിയ മനോഹരഗാനം |#Pesahasongs| 2026,Das Creations,140738,1564,130,18,1011,13,https://www.youtube.com/watch?v=Tax5O3lCT0o,തലതതൽ വളളമടതത പസഹ വയഴഴചകള എനന ഭകതസനദരമകകയ മനഹരഗന #Pesahasongs 2026,1.1112847987039747,0.09237021984112322,1.2960252383862212
Aadu 3 Success Teaser | Jayasurya | Midhun Manuel Thomas | Vijay Babu & Venu Kunnappilly| Vinayakan,Friday Film House,443707,16455,535,14,3181,11,https://www.youtube.com/watch?v=mzuA8d72mXU,Aadu 3 Success Teaser Jayasurya Midhun Manuel Thomas Vijay Babu Venu Kunnappilly Vinayakan,3.7085283757073926,0.12057506417523275,3.949678504057858
I Evolved MY SPINNER To MAX LEVEL!,I. M. Bixu,193422,7423,719,0,691,11,https://www.youtube.com/watch?v=-Ez7lC_nByo,I Evolved MY SPINNER To MAX LEVEL!,3.8377226995894986,0.37172607045734196,4.5811748405041826
2026 हनुमान जयंती Special - हैप्पी बर्थडे वीर हनुमान - Happy Birthday Veer Hanuman - Naresh Saini,Ambey Bhakti,271189,2974,127,19,4738,22,https://www.youtube.com/watch?v=zUuAd8UwNkk,2026 हनमन जयत Special - हपप बरथड वर हनमन - Happy Birthday Veer Hanuman - Naresh Saini,1.0966521503453313,0.04683080803424918,1.1903137664138297
RAMAYANA | Official Teaser Trailer (2026) 4K,JoBlo Movie Network,53724,518,110,3,588,13,https://www.youtube.com/watch?v=QF7H-tDf5Nk,RAMAYANA Official Teaser Trailer 2026 4K,0.9641873278236914,0.20475020475020475,1.373687737324101
I Found THE STRONGEST CONTROL Fruit In Blox Fruits 😱 | Roblox,NotGamerFleet,322054,29022,4806,0,469,6,https://www.youtube.com/watch?v=HNrpnftf5JM,I Found THE STRONGEST CONTROL Fruit In Blox Fruits Roblox,9.01153222751464,1.492296322976892,11.996124873468425
हनुमान जन्मोत्सव विशेष श्री हनुमानाचा पाळणा l Hanuman Palna Marathi l Hanuman Janma Palna Marathi,Shri Swami Bhakti,85607,824,37,9,2878,23,https://www.youtube.com/watch?v=55eEarlXAYg,हनमन जनमतसव वशष शर हनमनच पळण l Hanuman Palna Marathi l Hanuman Janma Palna Marathi,0.9625381102012686,0.0432207646570958,1.0489796395154602
Supergirl Trailer Breakdown,ComicVerse,275240,15790,861,0,1454,8,https://www.youtube.com/watch?v=3jMtdP8TdSU,Supergirl Trailer Breakdown,5.736811509954949,0.3128179043743642,6.362447318703677
"I Spent 2,313,422 Robux in PULL THE LUCKY BLOCK Roblox",SenpaiUnlimited,243549,6061,947,2,351,3,https://www.youtube.com/watch?v=1jStvE5S9tg,"I Spent 2,313,422 Robux in PULL THE LUCKY BLOCK Roblox",2.488616253813401,0.3888334585648062,3.266283170943013
नसीब वाले होते है जो बाबा श्याम का यह भजन सुनते है~Top Khatu Shyam Bhajans| Shyam Baba Ke Bhajans,Inspire Bhakti Sagar,27497,168,3,171,3072,11,https://www.youtube.com/watch?v=XaA-xdwS0ns,नसब वल हत ह ज बब शयम क यह भजन सनत हTop Khatu Shyam Bhajans Shyam Baba Ke Bhajans,0.6109757428083064,0.0109102811215769,0.6327963050514601
RAMAYANA Teaser Reaction 🔥 Rama | Namit Malhotra’s Ramayana | Nitesh Tiwari,Sabine Reacts: Bharat,29135,2526,235,9,1173,16,https://www.youtube.com/watch?v=UUW0N_Ru490,RAMAYANA Teaser Reaction Rama Namit Malhotras Ramayana Nitesh Tiwari,8.669984554659345,0.8065900120130427,10.283164578685431
My Last Free Fire Gameplay 😑 Enough is Enough - Tonde Gamer,Tonde Gamer,1075982,95050,13321,0,882,7,https://www.youtube.com/watch?v=u28KlosdRTw,My Last Free Fire Gameplay Enough is Enough - Tonde Gamer,8.833790899847767,1.2380318629865554,11.309854625820877
"#Video - चोली के समान - #Ashish Yadav, Khushi Kakkar का आ गया लगन का सबसे ब्लास्ट - New #Magahi Song",Aashish Yadav Dhamaka,78700,512,10,0,1334,0,https://www.youtube.com/watch?v=tqYnwTK59CM,"#Video - चल क समन - #Ashish Yadav, Khushi Kakkar क आ गय लगन क सबस बलसट - New #Magahi Song",0.650571791613723,0.012706480304955527,0.6759847522236341
Terror Official Trailer | Adityaa | Ranjan Shivaraam Gowda | Harsha Vardhan Raaj | Silk Manju,MRT Music,866712,12528,603,40,2684,12,https://www.youtube.com/watch?v=89C_B5mUIzk,Terror Official Trailer Adityaa Ranjan Shivaraam Gowda Harsha Vardhan Raaj Silk Manju,1.4454628527123197,0.06957328385899814,1.5846094204303158
[Hindi] BGIS 2026 | GRAND FINALS | Day 3 #BGMILIVE #BGIS,KRAFTON INDIA ESPORTS,6630327,212939,764,5,655,13,https://www.youtube.com/watch?v=lDw_cNwQS3A,Hindi BGIS 2026 GRAND FINALS Day 3 #BGMILIVE #BGIS,3.211591223177982,0.011522810262600925,3.234636843703184
Ishq e Pak (Official MV) Mankirt Aulakh | Zehr Vibe | New Punjabi Song 2026,Mankirt Aulakh,2846730,43024,893,8,2635,8,https://www.youtube.com/watch?v=C6TbXCj6_oE,Ishq e Pak Official MV Mankirt Aulakh Zehr Vibe New Punjabi Song 2026,1.511348108180263,0.03136932550680957,1.5740867591938823
Masters of The Universe – Official Trailer,Amazon MGM Studios,9867701,69105,7238,3,1304,12,https://www.youtube.com/watch?v=X21JsHLHnY8,Masters of The Universe Official Trailer,0.7003150987246168,0.07335041870441758,0.8470159361334519
🔴LIVE - HYDRA | DYNAMO vs CONQUEROR Lobby - Day 11 #bgmi #shorts,Dynamo Gaming,335221,6620,11,3,919,17,https://www.youtube.com/watch?v=xBXmrmZyG-8,LIVE - HYDRA DYNAMO vs CONQUEROR Lobby - Day 11 #bgmi #shorts,1.9748166135176497,0.003281417333639599,1.981379448184929
हनुमान जन्मोत्सव का No.1 बधाई गीत Hanuman Janmotsav Bhajan 2026 | Nonstop Hanuman Jayanti Song 2026,Bhajan india Chetak,130237,1235,68,10,3782,23,https://www.youtube.com/watch?v=WQCvbgvUklM,हनमन जनमतसव क No.1 बधई गत Hanuman Janmotsav Bhajan 2026 Nonstop Hanuman Jayanti Song 2026,0.9482712286063101,0.05221250489492234,1.0526962383961547
"Ramayana Teaser: Public Angry on Namit Malhotra, 4000cr SCAM | Ramayan Rama Trailer Review Reaction",BHT REVIEW,42018,1908,792,8,1414,8,https://www.youtube.com/watch?v=CqDqqb_V9Bs,"Ramayana Teaser Public Angry on Namit Malhotra, 4000cr SCAM Ramayan Rama Trailer Review Reaction",4.540911038126517,1.8849064686562902,8.310723975439098
I PRETENDED TO BE A NOOB THEN USED SECRET DRAGON IN ROBLOX !!,Shivang Mini,198597,6420,8850,4,429,12,https://www.youtube.com/watch?v=YHyAJqqTfaU,I PRETENDED TO BE A NOOB THEN USED SECRET DRAGON IN ROBLOX !!,3.232677230773879,4.45626066859016,12.145198567954198
#Video | #Banshidhar Chaudhary Ka Gana | Kam Nai Aitau 112 |  New Randari Song 2026,Banshidhar Chaudhary Hits,189833,1126,23,8,695,0,https://www.youtube.com/watch?v=VknywUwhj88,#Video #Banshidhar Chaudhary Ka Gana Kam Nai Aitau 112 New Randari Song 2026,0.5931529291535191,0.012115912407221083,0.6173847539679613
Vaazha 2: Biopic of a Billion Bros: Official Trailer | Releasing at PVR INOX on April 2,PVR,115951,1813,84,5,382,16,https://www.youtube.com/watch?v=PYI_dy23AuY,Vaazha 2 Biopic of a Billion Bros Official Trailer Releasing at PVR INOX on April 2,1.563591517106364,0.07244439461496667,1.7084803063362972
"Jonathan NEW Team 😳 GodLike Announcement🚨 Team Soul legit CHEATING Allegation🚀 BGMI, Team DISBAND",GamingNews15K,119275,5451,233,14,2000,13,https://www.youtube.com/watch?v=MKYKwGdfggg,"Jonathan NEW Team GodLike Announcement Team Soul legit CHEATING Allegation BGMI, Team DISBAND",4.5701110878222595,0.1953468874449801,4.960804862712219
जन्मे है हनुमान प्यारे | Janme Hai Hanuman Pyaare | Hanuman Jayanti Special | Hanuman Bhajan,Soulful Morning Bhajans ,73536,621,26,3,3165,1,https://www.youtube.com/watch?v=KRBGj6IWNmE,जनम ह हनमन पयर Janme Hai Hanuman Pyaare Hanuman Jayanti Special Hanuman Bhajan,0.8444843342036554,0.0353568320278503,0.915197998259356
Backrooms | Official Trailer HD | A24,A24,9280693,432394,22013,0,849,15,https://www.youtube.com/watch?v=0HjdiohVOik,Backrooms Official Trailer HD A24,4.659070179349753,0.23719133905194364,5.13345285745364
Franklin Tested CRAZY Cars on 799FT Drop  Which Car Survives? | GTA 5 Telugu | Dhanu Dino,DHANU DINO,154936,3793,116,20,672,10,https://www.youtube.com/watch?v=-WuY3pgm2Es,Franklin Tested CRAZY Cars on 799FT Drop Which Car Survives? GTA 5 Telugu Dhanu Dino,2.4481076057210718,0.07486962358651314,2.597846852894098
चुन्नी में चुन्नी में परफ्यूम लगावे चुन्नी म ~chunni mein chunni mein~ Sonam gujari Love Kush Meena,Khatu Bhakti Sagar,269818,907,21,39,4952,3,https://www.youtube.com/watch?v=tx1BzLBHxeU,चनन म चनन म परफयम लगव चनन म chunni mein chunni mein Sonam gujari Love Kush Meena,0.3361525176229903,0.007783024112549941,0.3517185658480902
😱 Ramayana Trailer Breakdown | Hidden Details You MISSED! (Namit Malhotra),Movies bolt,39973,1931,217,10,1693,7,https://www.youtube.com/watch?v=2diCFay7Ggo,Ramayana Trailer Breakdown Hidden Details You MISSED! Namit Malhotra,4.830760763515373,0.5428664348435194,5.916493633202412
Franklin & Shinchan Build Hidden Secret Bunker Inside Franklin’s Bed! 🛏️🕳️ | GTA 5,WasimByte,115132,1176,29,25,1144,6,https://www.youtube.com/watch?v=eMsePYPZ7hM,Franklin Shinchan Build Hidden Secret Bunker Inside Franklins Bed! GTA 5,1.0214362644616615,0.025188479310704236,1.07181322308307
गुरुवार के दिन अपने घर में ये सुंदरकाण्ड पाठ चलाकर रख देना सभी दुःख दर्द सभी परेशानी जड़ से खत्म,Sampurn Sundarkand Path,142768,1505,132,15,1553,22,https://www.youtube.com/watch?v=sEo-jNxlIr0,गरवर क दन अपन घर म य सदरकणड पठ चलकर रख दन सभ दख दरद सभ परशन जड स खतम,1.0541577944637452,0.0924576936008069,1.239073181665359
Supergirl Tamil Trailer 2 Breakdown (தமிழ்),Mokka Commentry,51019,3563,137,3,947,7,https://www.youtube.com/watch?v=PabymHVoGgo,Supergirl Tamil Trailer 2 Breakdown தமழ,6.983672749367882,0.26852741135655345,7.520727572080989
GTA V : Franklin And Shinchan Opened NEW BILLIONAIRE CAR SHOWROOM In GTA 5 Telugu |#gta5,MR DOMI,205511,3799,219,58,3457,7,https://www.youtube.com/watch?v=esMSt3lEkCw,GTA V Franklin And Shinchan Opened NEW BILLIONAIRE CAR SHOWROOM In GTA 5 Telugu #gta5,1.8485628506503302,0.10656363892930305,2.0616901285089364
Hanuman Palna हनुमान पाळणा - Jo Bala Jo Jo Re Jo | हनुमानाची गाणी Hanuman Chi Gani | Hanuman Song,Nova Marathi Bhakti,147444,657,29,3,4245,1,https://www.youtube.com/watch?v=hX0_YDWVdd4,Hanuman Palna हनमन पळण - Jo Bala Jo Jo Re Jo हनमनच गण Hanuman Chi Gani Hanuman Song,0.4455929030682836,0.01966848430590597,0.48492987168009555
🔴Ramayana Teaser Reaction | Man of Fiction Reacts,Man of Fiction Reacts,46713,1657,50,3,596,4,https://www.youtube.com/watch?v=UNIT0t___Hs,Ramayana Teaser Reaction Man of Fiction Reacts,3.547192430372701,0.10703658510478882,3.7612656005822784
Aaja 1v1 Ep 2 ft. Legend vs Mafia | iQOO OGXTSG vs iQOO Total Gaming 🔥,Free Fire MAX Esports India Official,90114,12147,490,0,356,12,https://www.youtube.com/watch?v=YzHTmqFgAhI,Aaja 1v1 Ep 2 ft. Legend vs Mafia iQOO OGXTSG vs iQOO Total Gaming,13.479592516146216,0.5437556872406064,14.567103890627429
#Video #रंगदारी | बन गेलिऔ शिकारी | #Raushan Rohi & #Srishti Bharti | #Jyoti | #Maghi Rangdari Song,Ravi Records,155968,11222,441,0,791,1,https://www.youtube.com/watch?v=iDawR6I_m78,#Video #रगदर बन गलऔ शकर #Raushan Rohi #Srishti Bharti #Jyoti #Maghi Rangdari Song,7.19506565449323,0.28275030775543697,7.760566270004103
Kathanar Trailer Reaction | Jayasurya | Anushka Shetty | Rojin Thomas,Parbrahm Singh,40172,2255,224,0,630,11,https://www.youtube.com/watch?v=STr4Ed8ic_s,Kathanar Trailer Reaction Jayasurya Anushka Shetty Rojin Thomas,5.613362541073384,0.5576023100667131,6.72856716120681
BACK TO BOOTCAMP | LETS TALK | ROAD TO 900K | ZGOD | BGMI,ZGOD GAMING,263440,18205,62,4,911,12,https://www.youtube.com/watch?v=YBE5V0AZhW4,BACK TO BOOTCAMP LETS TALK ROAD TO 900K ZGOD BGMI,6.910491952626783,0.023534770725781962,6.957561494078347
BTS (방탄소년단) 'SWIM' Live Clip II. (Swimming Pool ver.),BANGTANTV,6422587,1047875,48625,0,371,11,https://www.youtube.com/watch?v=om6HdemgTKQ,BTS 'SWIM' Live Clip II. Swimming Pool ver.,16.315466026384694,0.7570936758038467,17.829653377992386
Kathanar Trailer Reaction | Jayasurya Anushka Shetty Rojin Thomas Gokulam Gopalan @UnniVlogs,Unni Vlogs Cinephile,107276,3286,305,21,1534,8,https://www.youtube.com/watch?v=Ob2Q5A146Fk,Kathanar Trailer Reaction Jayasurya Anushka Shetty Rojin Thomas Gokulam Gopalan,3.063126887654275,0.2843133599313919,3.6317536075170587
Franklin Finally Find Shinchan SECRET BASE & Destroyed it😱 Most Shocking Life Story,Happy Gamer,108180,1220,27,8,1457,10,https://www.youtube.com/watch?v=RXYP65FMsm0,Franklin Finally Find Shinchan SECRET BASE Destroyed it Most Shocking Life Story,1.1277500462192642,0.02495840266222962,1.1776668515437234
Muddu Magale Video Song | Love Mocktail-3 | Darling Krishna | Vijay Prakash | Nakul Abhaynkar,Anand Audio,151359,2766,48,18,4098,10,https://www.youtube.com/watch?v=AwoEgbnKbTs,Muddu Magale Video Song Love Mocktail-3 Darling Krishna Vijay Prakash Nakul Abhaynkar,1.8274433631300417,0.03171268309119378,1.8908687293124293
AWARAPAN 2 - Trailer (2026) | Emraan Hashmi | Disha Patani | Shriya Saran | Awarapan Full Movie,Uncut Cinema,122264,689,28,4,1741,10,https://www.youtube.com/watch?v=tDj1l66S4ls,AWARAPAN 2 - Trailer 2026 Emraan Hashmi Disha Patani Shriya Saran Awarapan Full Movie,0.5635346463390696,0.022901262841065237,0.6093371720212001
SHINCHAN BECOME BILLIONAIRE AND FRANKLIN BECOME POOR IN GTA 5,KL Fun Gaming,49013,0,19,0,1092,6,https://www.youtube.com/watch?v=dOz20zfVr3c,SHINCHAN BECOME BILLIONAIRE AND FRANKLIN BECOME POOR IN GTA 5,0.0,0.03876522555240446,0.07753045110480893
"Hanuman Janmotsav 2026, श्री हनुमान जन्मोत्सव,Hanuman Jayanti, Hanuman Chalisa, Ashtak, Bajrang Baan",T-Series Bhakti Sagar,127647,1574,159,17,4413,0,https://www.youtube.com/watch?v=VJ6ipQCs_PA,"Hanuman Janmotsav 2026, शर हनमन जनमतसव,Hanuman Jayanti, Hanuman Chalisa, Ashtak, Bajrang Baan",1.2330881258470625,0.12456226938353428,1.4822126646141311
Kathanar Official Trailer Reaction | Jayasurya Mohanlal Anushka Shetty Rojin | Entertainment Kizhi,Entertainment Kizhi,62202,3169,405,6,78,9,https://www.youtube.com/watch?v=k7XId1Uxw-w,Kathanar Official Trailer Reaction Jayasurya Mohanlal Anushka Shetty Rojin Entertainment Kizhi,5.094691489019645,0.6511044660943378,6.396900421208321
April Fool Went WRONG 😱 Franklin Turned Into a Bear! | GTA 5 Malayalam,The Mallu Don,54833,590,35,6,545,3,https://www.youtube.com/watch?v=922En0dw5_E,April Fool Went WRONG Franklin Turned Into a Bear! GTA 5 Malayalam,1.0759943829445773,0.06383017525942407,1.2036547334634253
O Bou ft.papu puja | Ajoy Boro Kd rabha | Aftab | Kasturi Pulak Nixasor |Official Comedy Music video,Pulak Nixasor,114766,9798,472,0,571,10,https://www.youtube.com/watch?v=yrah66FuGt0,O Bou ft.papu puja Ajoy Boro Kd rabha Aftab Kasturi Pulak Nixasor Official Comedy Music video,8.537371695449872,0.41127163097084507,9.359914957391563
"RAM NAAM SATYA || Movie Official Trailer 2026 || Biraj Bhatta, Sunil Thapa, Sushil, Aayush, Supuspa",OSR Digital,399760,23876,2459,26,4117,7,https://www.youtube.com/watch?v=wYWiv8qbhj8,"RAM NAAM SATYA Movie Official Trailer 2026 Biraj Bhatta, Sunil Thapa, Sushil, Aayush, Supuspa",5.972583550130079,0.6151190714428657,7.20282169301581
ROAD TO 1.5 MILLION #iQOO #iQOO15,JokerKiHaveli,170776,13102,16,7,1151,20,https://www.youtube.com/watch?v=hxDGABNiQzI,ROAD TO 1.5 MILLION #iQOO #iQOO15,7.672038225511782,0.009368997985665433,7.690776221483113
हनुमान जन्मोत्सव स्पेशल भजन | Hanuman Janmotsav Bhajan | Hanuman Janmotsanv 2026 | Hanuman Jayanti,Bhakti Pravah,40089,271,19,68,2150,23,https://www.youtube.com/watch?v=-tgUJ6SK26o,हनमन जनमतसव सपशल भजन Hanuman Janmotsav Bhajan Hanuman Janmotsanv 2026 Hanuman Jayanti,0.6759959091022475,0.047394547132629895,0.7707850033675073
Raja Shivaji Teaser Review,City Lights Marathi,40550,1893,1041,0,1454,4,https://www.youtube.com/watch?v=foCtxfcRMKM,Raja Shivaji Teaser Review,4.668310727496918,2.567200986436498,9.802712700369913
आज होगा Business Deals का फैसला | TLRP,shreeman legend live,99312,10877,20,1,2991,21,https://www.youtube.com/watch?v=jdqKILFXK7M,आज हग Business Deals क फसल TLRP,10.952352183019173,0.020138553246334782,10.992629289511843
Jailkhanwa Leli Janwa (जेलखनवा लेली जनवा) | JAILSTAR Movie Song | Raushan Rohi | Official Video 2026,Bhumi Original,51167,12029,819,15,1105,0,https://www.youtube.com/watch?v=iTss4V84Rkw,Jailkhanwa Leli Janwa जलखनव लल जनव JAILSTAR Movie Song Raushan Rohi Official Video 2026,23.509293099067758,1.6006410381691323,26.71057517540602
Ramayana Teaser Breakdown | Parshuram Attack & Kaikeyi's Secret War | Hidden Details | Filmi Prem,Filmi Prem,40428,2036,290,9,2630,13,https://www.youtube.com/watch?v=26nlqiOG5v0,Ramayana Teaser Breakdown Parshuram Attack Kaikeyi's Secret War Hidden Details Filmi Prem,5.036113584644306,0.7173246264964875,6.470762837637281
Top 1 Heroic to Grandmaster Free Fire Live Rank Push #freefirelive #freefire,AAWARI GAMER,256816,4540,2,126,3800,18,https://www.youtube.com/watch?v=WUxAWQLicr8,Top 1 Heroic to Grandmaster Free Fire Live Rank Push #freefirelive #freefire,1.767802629119681,0.0007787676780262911,1.7693601644757335
#Video | सड़िया करिया | Ankush Raja | Sadiya Kariya | Karishma Kakkar | Viral Bhojpuri Song,Sanehiya Music,22556,97,5,7,1036,10,https://www.youtube.com/watch?v=JBtjd2lNZPE,#Video सड़य करय Ankush Raja Sadiya Kariya Karishma Kakkar Viral Bhojpuri Song,0.4300407873736478,0.022167050895548854,0.4743748891647455
TULSI VIVAH I तुलसी विवाह I SANJANA PANDEY I GOLU TIWARI I OFFICIAL TRAILER INEW BHOJPURI MOVIE 2026,B4U Bhojpuri,1723212,7456,90,11,2841,2,https://www.youtube.com/watch?v=eG17Cbc9U9g,TULSI VIVAH I तलस ववह I SANJANA PANDEY I GOLU TIWARI I OFFICIAL TRAILER INEW BHOJPURI MOVIE 2026,0.43268036666411325,0.005222804855119393,0.443125976374352
Big Sank Game Fast Speed Special Day 107 Play 125 #shorta,SHIVAM S LIVE,647850,589,0,3,78,17,https://www.youtube.com/watch?v=o1vA5x71WsQ,Big Sank Game Fast Speed Special Day 107 Play 125 #shorta,0.09091610712356255,0.0,0.09091610712356255
श्री हनुमान चालीसा 🌺🙏 shree hanuman chalisa original video 🙏🌺gulshan kumarhariharan full hd,Raghu Bhakti Dham,43937,514,25,92,3477,12,https://www.youtube.com/watch?v=p-e_Tm4dH1M,शर हनमन चलस shree hanuman chalisa original video gulshan kumarhariharan full hd,1.1698568404761363,0.056899651774131144,1.2836561440243985
Finding Harry: The Craft Behind the Magic Special | Official Trailer | HBO Max,Harry Potter,308825,13444,1128,1,1021,13,https://www.youtube.com/watch?v=0TsRwfhgeYc,Finding Harry The Craft Behind the Magic Special Official Trailer HBO Max,4.353274508216628,0.3652554035456974,5.083785315308022
Crazy Fan Girl forgot to stop recording… 😱,Ayush More,298531,9087,4352,5,1561,11,https://www.youtube.com/watch?v=8HWFXVZB8tI,Crazy Fan Girl forgot to stop recording,3.043904988091689,1.4578050520716441,5.959515092234977
"Guruthunda Music Video | Chennai Love Story | Kiran Abbavaraam, Sri Gouri Priya | Mani Sharma",T-Series Telugu,3497417,61278,1692,3,2030,16,https://www.youtube.com/watch?v=jOOiKHf0p6o,"Guruthunda Music Video Chennai Love Story Kiran Abbavaraam, Sri Gouri Priya Mani Sharma",1.7520930446669642,0.04837856052052129,1.8488501657080068
Darrendarr Modi : Dhurandhar 3 (trailer),Official PeeingHuman,200885,13634,1386,0,1107,11,https://www.youtube.com/watch?v=3hMiJPFzZZw,Darrendarr Modi Dhurandhar 3 trailer,6.786967668068796,0.6899469845931752,8.166861637255145
Frags highlights ||HunterZ || 🥷🏻,HunterZ Gamer,144641,10389,420,0,0,7,https://www.youtube.com/watch?v=IuBn7BRVSjs,Frags highlights HunterZ,7.182610739693448,0.29037409863040214,7.763358936954252
Tu Naja Mere Badshah | Amitabh Bachchan | Sridevi | Khuda Gawah | 90's Hit Hindi Songs,SuperHits Bollywood,84274,390,8,5,1622,15,https://www.youtube.com/watch?v=Rq-seKLDVRA,Tu Naja Mere Badshah Amitabh Bachchan Sridevi Khuda Gawah 90's Hit Hindi Songs,0.4627761824524765,0.009492844768255928,0.48176187198898834
Franklin Went Inside The Army’s Secret Garage in GTA 5!,HAMID-T GAMING,222121,4355,413,3,92,4,https://www.youtube.com/watch?v=dYOMF_f-zvk,Franklin Went Inside The Armys Secret Garage in GTA 5!,1.9606430729197148,0.18593469325277664,2.332512459425268
हनुमान जयंती Special - hanuman jayanti songs - हनुमान जी के भजन -Bhakti Songs - Hanuman Jayanti 2026,Kunj Kripa ,38331,376,10,68,1796,10,https://www.youtube.com/watch?v=AT33IAfLjxY,हनमन जयत Special - hanuman jayanti songs - हनमन ज क भजन -Bhakti Songs - Hanuman Jayanti 2026,0.980929273955806,0.02608854452010122,1.0331063629960084
🔴 FREE FIRE LIVE👻GARENA FREE FIRE💀GUILD TEST LIVE !! GAMING NINJA #fflive #shortslive #ff #shorts,NINJA TIME,349106,3558,0,93,4984,18,https://www.youtube.com/watch?v=oB2SOAc3fzk,FREE FIRE LIVEGARENA FREE FIREGUILD TEST LIVE !! GAMING NINJA #fflive #shortslive #ff #shorts,1.0191746919273803,0.0,1.0191746919273803
हनुमान जयंती स्पेशल : 10 सेकंड में आएगी खुसखबरी ज़रुर सुने ये हनुमान चौपाई  | Hanuman Jayanti  2026,नीम करौली बाबा  NEEM KAROLI BABA ,43475,1079,145,31,737,23,https://www.youtube.com/watch?v=Bbw0OBv1V4g,हनमन जयत सपशल 10 सकड म आएग खसखबर ज़रर सन य हनमन चपई Hanuman Jayanti 2026,2.4818861414606097,0.3335250143760782,3.148936170212766
Shift at Midnight Horror Got Even Crazier - More Shapeshifters,Live Insaan,1114976,37457,3774,0,682,13,https://www.youtube.com/watch?v=-6gBD1j14EA,Shift at Midnight Horror Got Even Crazier - More Shapeshifters,3.3594445082225985,0.33848262204747004,4.036409752317539
Fantastic Five (Jukebox) Dulla | Deepak Dhillon | Gurlez Akhtar |Sukhpreet Kaur|SKY|New Punjabi Song,GurBilling Music,88232,4221,217,20,2563,4,https://www.youtube.com/watch?v=7Esd9pa0kpE,Fantastic Five Jukebox Dulla Deepak Dhillon Gurlez Akhtar Sukhpreet KaurSKYNew Punjabi Song,4.783978601867803,0.24594251518723367,5.27586363224227
"BE BOOYAH WATCH PARTY DAY-2 || TG, GDR, TSG 🇮🇳 vs WAG, BTR, HEV, DRS, GOW  #iQOO15 #nonstopgaming",Nonstop Gaming,150543,9594,68,8,2158,15,https://www.youtube.com/watch?v=a6Eos45y4PM,"BE BOOYAH WATCH PARTY DAY-2 TG, GDR, TSG vs WAG, BTR, HEV, DRS, GOW #iQOO15 #nonstopgaming",6.372929993423806,0.045169818590037394,6.4632696306038815
"Pavazha Malli Unplugged (From ""Think Indie"")",Sai Abhyankkar - Topic,244253,7362,129,0,302,16,https://www.youtube.com/watch?v=CvvsvZii2IQ,Pavazha Malli Unplugged From Think Indie,3.014087851530994,0.052814090308000314,3.1197160321469948
DELETE PRANK लेकिन Gussa हो Gye 🥲😂 अब Kya होगा 😱 Garena Free Fire Max 🔥😈 Y GAMING,Y GAMING,131537,8594,911,8,239,7,https://www.youtube.com/watch?v=0L2tmfqVMSY,DELETE PRANK लकन Gussa ह Gye अब Kya हग Garena Free Fire Max Y GAMING,6.533522887096406,0.6925807947573687,7.918684476611143
Hanuman Jayanti Bhajan 2026 हनुमान जयंती के नॉनस्टॉप भजन Hanuman Janamotsav Bhajan | Hanuman Bhajan,Supertone Digital,190753,905,59,10,4935,22,https://www.youtube.com/watch?v=rRCMTdGNyTc,Hanuman Jayanti Bhajan 2026 हनमन जयत क ननसटप भजन Hanuman Janamotsav Bhajan Hanuman Bhajan,0.47443552657101073,0.030930050903524454,0.5362956283780597
4.3 UPDATE IS HERE IN BGMI SOLO VS SQUAD🔥 #bgmi #bgmilive #shortsfeed #shortslive,NeonXPawanOP,122437,1917,0,4,100,22,https://www.youtube.com/watch?v=8VevNUx1wOw,4.3 UPDATE IS HERE IN BGMI SOLO VS SQUAD #bgmi #bgmilive #shortsfeed #shortslive,1.5657031779609105,0.0,1.5657031779609105
Panguni Uthiram 2026 Powerful Murugan Suprabatham And Kavasam |  TAMIL LYRICS,Emusic Abirami,136948,818,39,18,3422,21,https://www.youtube.com/watch?v=d6kisoWdUH4,Panguni Uthiram 2026 Powerful Murugan Suprabatham And Kavasam TAMIL LYRICS,0.5973070070391682,0.028477962438297748,0.6542629319157637
New Update in INDIAN BIKE DRIVING 3D😱 Army Helocopter,Target siblings Gamerz,120678,3681,766,0,435,9,https://www.youtube.com/watch?v=QfjQb6rcBSM,New Update in INDIAN BIKE DRIVING 3D Army Helocopter,3.050265997116293,0.6347470127115132,4.319760022539319
"Dil Ka Kya Kare Sahib Hum Unhi Pe Marte Hain | Jeet | Sunny Deol, Tabu | Kavita Krishnamurthy",Tips Official,205241,1382,33,7,3629,5,https://www.youtube.com/watch?v=VYnhTXsXqH4,"Dil Ka Kya Kare Sahib Hum Unhi Pe Marte Hain Jeet Sunny Deol, Tabu Kavita Krishnamurthy",0.6733547390628578,0.016078658747521207,0.7055120565579003
"Madam Ji (Official Video) Masoom Sharma | Amar Karnawal, Pinna Music | New Haryanvi Song 2025",@ Dev gamer,131943,0,15,9,2026,15,https://www.youtube.com/watch?v=Cwb_JYL_K20,"Madam Ji Official Video Masoom Sharma Amar Karnawal, Pinna Music New Haryanvi Song 2025",0.0,0.01136854550828767,0.02273709101657534
பங்குனி உத்திரத்தில் நினைத்த காரியத்தில் வெற்றி தரும் முருகன் பாடலை கேளுங்கள் | Apoorva Audios,ApoorvaAudios,107974,836,163,21,1168,23,https://www.youtube.com/watch?v=DHu_77Cj5Y4,பஙகன உததரததல நனதத கரயததல வறற தரம மரகன படல களஙகள Apoorva Audios,0.7742604701131754,0.15096226869431528,1.076185007501806
Franklin Traps ALL HAUNTED GHOST Inside Evil Watch In Indian Bike Driving 3D! 😱,NessFit Gamer,146823,0,7,4,1678,13,https://www.youtube.com/watch?v=A4N2_El-2uk,Franklin Traps ALL HAUNTED GHOST Inside Evil Watch In Indian Bike Driving 3D!,0.0,0.004767645396157277,0.009535290792314554
आज हनुमान जन्मोत्सव के दिन हनुमान जी की चमत्कारी जन्म कथा सुनने से सभी मनोकामनाएं पूर्ण होती है.....,Bhakti Darshan,101040,1547,158,17,1378,22,https://www.youtube.com/watch?v=otswaHyi-Bc,आज हनमन जनमतसव क दन हनमन ज क चमतकर जनम कथ सनन स सभ मनकमनए परण हत ह.....,1.531076801266825,0.15637371338083927,1.8438242280285035
Granny ♥️  | 🔥Noob Angry Granny Live Stream🔥| ⚡ Pro Granny Can not Catch Me ⚡,Itz Gamer Tony,797121,2793,0,4,179,9,https://www.youtube.com/watch?v=0FNobkfoKVs,Granny Noob Angry Granny Live Stream Pro Granny Can not Catch Me,0.3503859514427546,0.0,0.3503859514427546
Jay Hanuman | Nonstop DJ Mix | DJ Maddy Mumbai 2026,DJ Maddy Mumbai,45323,471,10,0,1039,3,https://www.youtube.com/watch?v=NDyOj2nkZME,Jay Hanuman Nonstop DJ Mix DJ Maddy Mumbai 2026,1.0392074664077842,0.022063852789974185,1.0833351719877324
Franklin Bought a New Car… Then Michael STOLE It 😭,Nadyummy,40176,1140,72,10,229,10,https://www.youtube.com/watch?v=KVBbaVnVra0,Franklin Bought a New Car Then Michael STOLE It,2.8375149342891275,0.17921146953405018,3.1959378733572277
Hanuman Chalisa | Shankar Mahadevan | HanumanJayanti 2026 | Devotional Bhajans of Hanuman,Times Music Spiritual,123684,620,36,12,1700,12,https://www.youtube.com/watch?v=PlyZDHrmGI8,Hanuman Chalisa Shankar Mahadevan HanumanJayanti 2026 Devotional Bhajans of Hanuman,0.501277448982892,0.029106432521587268,0.5594903140260665
WATCHPARTY DAY 2 BE BOOYAH  I TG FOZYAJAY I TOTAL GAMING ESPORTS | #iQOOTG,TG FozyAjay,111791,8230,137,123,3667,15,https://www.youtube.com/watch?v=TE34wbhBAVc,WATCHPARTY DAY 2 BE BOOYAH I TG FOZYAJAY I TOTAL GAMING ESPORTS #iQOOTG,7.361952214400086,0.12255011584116789,7.607052446082421
THIRD - เตือนแล้วนะ (Love Warning) [2026] | OFFICIAL MV,THIRD,983102,130366,5099,6,3520,11,https://www.youtube.com/watch?v=vYJL_SOWhMg,THIRD - เตอนแลวนะ Love Warning 2026 OFFICIAL MV,13.260678952946897,0.5186643908770402,14.298007734700978
Michael Got Kidnapped By Tommy Vercetti | Gta 5 Gameplay #646,Insane Gaming With Mayank,88170,7670,364,1,239,13,https://www.youtube.com/watch?v=2THFikekGpg,Michael Got Kidnapped By Tommy Vercetti Gta 5 Gameplay #646,8.699104003629353,0.41283883407054556,9.524781671770445
#Video | का मुंह देखइबू हमरा माई के | #Raushan Rohi का #दर्दभरा गाना | New #Sad Song 2026,Raushan Rohi Entertainment,640695,37366,2745,0,1016,2,https://www.youtube.com/watch?v=UAS3Y4YcwiE,#Video क मह दखइब हमर मई क #Raushan Rohi क #दरदभर गन New #Sad Song 2026,5.8321041993460225,0.4284409898625712,6.688986179071165
GTA V : Franklin And Shinchan Become GOLDEN BILLIONAIRE In GTA 5 Telugu | SHINCHAN and CHOP,Pennem Star,48950,748,15,6,339,11,https://www.youtube.com/watch?v=kDZv9Di27xo,GTA V Franklin And Shinchan Become GOLDEN BILLIONAIRE In GTA 5 Telugu SHINCHAN and CHOP,1.5280898876404496,0.030643513789581203,1.589376915219612
"हनुमान जयंती Special | हनुमान चालीसा, हनुमान भजन | Hanuman Jayanti Dj Song 2026 | Hanuman Song 2026",Chanda Pop Songs,56142,201,20,16,3600,12,https://www.youtube.com/watch?v=_KJzZcFGTdo,"हनमन जयत Special हनमन चलस, हनमन भजन Hanuman Jayanti Dj Song 2026 Hanuman Song 2026",0.358020733140964,0.03562395354636458,0.42926864023369316
ROBLOX GUESS THE CLONE OR LOSE !!,GemBlox,88818,2849,1865,4,521,12,https://www.youtube.com/watch?v=GxczqjgICE8,ROBLOX GUESS THE CLONE OR LOSE !!,3.207683127294017,2.099799590173163,7.407282307640344
Dhanya Dhanya Anjani Na Jaya Hanumanji | Gujarati Devotional Bhajan|ધન્ય ધન્ય અંજનીના જાયા હનુમાનજી,Bhakti Ras,26399,198,3,3,419,23,https://www.youtube.com/watch?v=TdUphhDD4so,Dhanya Dhanya Anjani Na Jaya Hanumanji Gujarati Devotional Bhajanધનય ધનય અજનન જય હનમનજ,0.7500284101670518,0.011364066820712906,0.7727565438084776
LIVE 🛑 GTA V SUPERCAR SPEED TEST  #gta5 #gaming #gtav,Hear Is Live,650733,5231,0,38,808,8,https://www.youtube.com/watch?v=2YxnWqsaPR8,LIVE GTA V SUPERCAR SPEED TEST #gta5 #gaming #gtav,0.803862720962361,0.0,0.803862720962361
Best Hanuman Chalisa | Daily Listening | MPD Bhakti Marathi Hanuman Jayanti Special,MPD Bhakti Marathi,17455,53,0,19,1450,12,https://www.youtube.com/watch?v=N3eDIA0nwro,Best Hanuman Chalisa Daily Listening MPD Bhakti Marathi Hanuman Jayanti Special,0.3036379260956746,0.0,0.3036379260956746
