Title,Channel,Views,Likes,Comments,Hashtags_Count,Caption_Length,Posting_Hour,Video_Link
"Rama | Namit Malhotra’s Ramayana | Nitesh Tiwari | Ranbir, Yash, Hans Zimmer & A.R. Rahman",Sony Music India,4087432,147091,11620,10,1379,9,https://www.youtube.com/watch?v=1pnKd6YHmV4
Namit Malhotra’s Ramayana Rama Trailer • Reaction,thePJ,707600,42137,3825,3,1098,4,https://www.youtube.com/watch?v=QqdrrWqrA0M
LEVEL 1 VS LEVEL 100 MINECRAFT CANNON,Ujjwal,1020256,67499,5818,0,530,9,https://www.youtube.com/watch?v=5bdsq08pG-E
BTS (방탄소년단) '2.0' Official MV,HYBE LABELS,17495380,2840568,197542,4,3687,15,https://www.youtube.com/watch?v=_gyultVTesk
Ramayana Rama Teaser Breakdown,FlickVerse,646280,40042,4717,0,1421,8,https://www.youtube.com/watch?v=BYu8XcBr3_4
Minecraft But Item Have Babies !,Carry Depie,575600,10505,742,2,76,12,https://www.youtube.com/watch?v=kbZ-QB7_Ff4
"DIDI (SHER-E-BALOCH) (Full Video) | Dhurandhar The Revenge | Ranveer Singh | Shashwat Sachdev,Khaled",T-Series,2596032,57893,2062,3,1266,6,https://www.youtube.com/watch?v=hnEGQH4LP2c
Namit Malhotra’s Ramayana Rama Trailer Review,PJ Explained,510641,29590,2856,3,1435,8,https://www.youtube.com/watch?v=CL2CPTXTmeQ
RANK PUSH TO #1 | CONQUEROR RANK PUSH OR WHAT | BGMI LIVE,LoLzZz Gaming,364308,21227,23,0,758,22,https://www.youtube.com/watch?v=hbPB0Xh3R9M
#Video | कमर में दागी | #Khesari Lal Yadav & Shilpi Raj | Kamar Me Dagi | Sona Dey | #Bhojpuri Song,Aaradhya Films,4942004,219602,23953,11,1170,2,https://www.youtube.com/watch?v=JUhcNNwha7w
Kathanar -Official Trailer (Malayalam) | Jayasurya | Anushka Shetty | Rojin Thomas | Gokulam Gopalan,Sree Gokulam Movies,3112355,106984,6718,17,2899,8,https://www.youtube.com/watch?v=VRPF2tXQ06c
Stealing Gas Fuel to Survive in Minecraft..,Karry Kraft,882163,13475,827,2,94,13,https://www.youtube.com/watch?v=xD_19TsNSgU
हनुमान जयंती को यह चमत्कारी सुन्दरकाण्ड घर में चलाकर रख देना सभी संकट जड़से खत्म और धनवर्षा शुरू#ram,Panchmukhi Hanuman,472487,5882,636,37,3908,21,https://www.youtube.com/watch?v=CU2qSkCPqBY
Oru Durooha Saahacharyathil Official Trailer | Kunchacko Boban | Sajin Gopu | Ratheesh Balakrishnan,Magic Frames,331949,10307,375,8,1959,13,https://www.youtube.com/watch?v=jxVm2wvIYLM
I Made a DREAM PvP Team for REVENGE in Himlands Minecraft SMP,YesSmartyPie,540414,61393,2941,2,1025,7,https://www.youtube.com/watch?v=uzZqM0lIvXg
Sunlo Pukar (Official Video) Hansraj Raghuwanshi | Hanuman Janmotsav Special Bhajan 2026,Hansraj Raghuwanshi,1189676,30305,2211,19,2266,12,https://www.youtube.com/watch?v=0duXPhS37SY
Raja Shivaji First Look  Hindi Teaser | Riteish D | Genelia D | Sanjay D | In Cinemas 1 May 2026,JioStudios,1656392,67202,5427,1,2006,13,https://www.youtube.com/watch?v=FkxNoRIXDPY
🔴[Live Free Fire New Rank Season Rank Push Live !!,VISHNU RAJPUT GAMING,833699,13233,6,9,110,13,https://www.youtube.com/watch?v=lw3TZtSXfbk
#Pawan Singh | #Video - शहरिया | #Shivani Singh | Shahariya | Bhojpuri New Song 2026,As Manoranjan,1928520,110818,12902,6,1376,0,https://www.youtube.com/watch?v=-GvN9fA2WG4
Aakhri Sawal Teaser | Yeh Sirf Shuruaat Hai | Sanjay Dutt | Namashi | Amit Sadh | Sameera Reddy,Nikhil Nanda Motion Pictures ,1175419,45127,2925,1,2100,5,https://www.youtube.com/watch?v=xgR3eFTxLKY
Dig Tunnel to Escape School! 😱,Tyro Gaming,268260,3203,276,0,182,13,https://www.youtube.com/watch?v=CQ1KZqSA6Go
Nas Nas Kyu Dukhe पिया मेरी नस नस के हो दुखे || Anjali Raghav & Karan Chaudhary !! Brajbhasha Song,Dil Hits Haryanvi,234504,869,13,15,3003,1,https://www.youtube.com/watch?v=5iykaIgRFE8
"Love Insurance Kompany (Telugu) Teaser | Pradeep Ranganathan, Anirudh, Vignesh Shivan, Krithi Shetty",Sony Music South,1378407,51929,1114,0,1994,5,https://www.youtube.com/watch?v=kb5AJIaZo-E
"Rs1 vs Rs 1,00,000 ILLEGAL ITEMS MINING CHALLENGE IN MINECRAFT..",Junkeyy,253518,7942,646,3,243,14,https://www.youtube.com/watch?v=f56bWVDHniY
@SaiAbhyankkar  - Pavazha Malli (Unplugged) | Shruti Haasan | Vivek | Think Indie,Think Music India,1544937,73222,1228,5,1154,11,https://www.youtube.com/watch?v=ZpZZvIOcdwE
Kathanar | Trailer Reaction | Jayasurya | Rojin Thomas | Gokulam Gopalan,LifeofShazzam,248100,13211,772,0,48,6,https://www.youtube.com/watch?v=Wh1jECxzTeI
🌿FREE FIRE LIVE🌿PLAYING BR-RANKED😎2X AWM SPEED GAME PLAY 🎮🎯 ON LIVE - GARENA FREE FIRE,DAD I AM OK GAMING,329730,4940,1,3,128,21,https://www.youtube.com/watch?v=qRpb4SPEm2Q
#Video - कुलींग करे वाला चोली - #Ashish Yadav का इस साल का पहला चईत सांग - #Magahi Chaita Song 2026,Aashish Yadav Entertainment,314337,21358,1382,0,1190,1,https://www.youtube.com/watch?v=kAVYaC-L2t0
RAMA | Namit Malhotra’s RAMAYANA | Nitesh Tiwari | Ranbir | Hans Zimmer & A.R. Rahman | REACTION!,G.O.T Games,75463,4188,331,36,3633,8,https://www.youtube.com/watch?v=hiGiVaFx2xs
My V Badge ID Banned Bye Bye 💔 ,SATVIK,1138473,50071,5159,0,0,4,https://www.youtube.com/watch?v=tsCJm56CpQs
हनुमान जयंती स्पेशल भजन | Hanuman Janmotsav Bhajan | Hanuman Janmotsanv 2026 | Hanuman Jayanti 2026,Bhakti Sadhna भक्ति साधना,379767,2640,185,68,3573,23,https://www.youtube.com/watch?v=_-P_xOtiOSg
Ramayana Rama Teaser Pre-REVIEW | Deeksha Sharma,Filmi Indian,455336,17104,971,3,543,7,https://www.youtube.com/watch?v=eTR0ohiIsnM
Mithe Tere Bol Pari - Masoom Sharma | Aman Jaji | Pranjal Dahiya | New Haryanvi Song 2026,Freefore81,151106,425,11,12,1736,14,https://www.youtube.com/watch?v=UeWuDOH8NvE
श्री हनुमान जन्मोत्सव स्पेशल :- श्री हनुमान भक्तिगीते व आरती | Hanuman Songs | Hanuman Bhaktigeete,Wings Marathi Bhakti,119280,515,24,3,1087,22,https://www.youtube.com/watch?v=8MDamkMUCmY
Rama | Namit Malhotra's Ramayna Glimpse Reaction And Review | Yash Ramayana Official Teaser |Prabhas,Ra One For You,78949,2927,338,9,760,5,https://www.youtube.com/watch?v=qlRA2994tn8
I Secretly Used //INFINITE to Cheat in Minecraft,Mc flame,176999,2804,82,5,555,7,https://www.youtube.com/watch?v=gS2F7N7KK-I
श्री हनुमान चालीसा 🌺🙏 shree hanuman chalisa original video 🙏🌺gulshan kumarhariharan full h,Aarvi Bhakti Bhajan,89886,724,20,92,3477,2,https://www.youtube.com/watch?v=CVfgEkFR-R0
SUPERGIRL | Official Trailer,DC,11988036,256627,14741,1,1519,16,https://www.youtube.com/watch?v=s1-pfiVMKAs
THE END | Resident Evil Requiem - Part 11,BeastBoyShub,604022,51064,4757,0,708,12,https://www.youtube.com/watch?v=U7VOy3W0cCo
"हनुमान जयंती Special | हनुमान जयंती कथा | हनुमान जन्म कथा | Ds Pal, Hanuman Jayanti Katha 2026,Katha",Sonotek Bhakti,164037,2016,129,10,2477,22,https://www.youtube.com/watch?v=uXNWe2z1iv8
Manithan Deivamagalam - Official Trailer | Selvaraghavan | Kushee Ravi | Dennis Manjunath,Saregama Tamil,84109,1796,47,5,2111,12,https://www.youtube.com/watch?v=xBA1JMHfiTw
HACKER WON GAMING PC IN SOLO TOURNAMENT ?  REACTION 😱,Desi Army,490692,23892,1350,4,674,12,https://www.youtube.com/watch?v=25WWnL2wJdA
Hanuman jayanthi Songs | హనుమాన్ జయంతి స్పెషల్ పాటలు | Hanuman Songs   Powerful Hanuman songs,Maha Mantram - మహా మంత్రం ,99124,430,33,2,858,22,https://www.youtube.com/watch?v=4IRFnp_6mrg
Ranbir Kapoor की Ramayana का Teaser देख लोग क्यों बोल रहे- ये हमारी रामायण नहीं? Namit Malhotra,Lallantop Cinema,59382,1316,125,0,635,12,https://www.youtube.com/watch?v=msr70dqQL6A
Kab aaoge Pardesi Piya 💔🥀 sad song had teaching 😭💔 breakup songs 😭💔 gaming ,Vishnu tha mugic,413534,909,18,5,407,17,https://www.youtube.com/watch?v=UqpyPrFkqYY
 New Song 2026 | Dil Tere Naam | Ranveer Singh | Sara Arjun | New Hindi Song | Romantic Song 2026,Prakash Jojawar,323500,2386,53,29,2814,2,https://www.youtube.com/watch?v=QAFcT4qqlF8
SPIDER-MAN: BRAND NEW DAY - Official Trailer (Hindi) | Exclusively In Cinemas 31 July,Sony Pictures Entertainment India,1116902,35480,528,16,638,9,https://www.youtube.com/watch?v=E1kipafZW2I
GTA 5 : Franklin Finally Took His Revenge From The Car Showroom In Gta 5 !,Flight Gamer,225549,7425,566,0,699,7,https://www.youtube.com/watch?v=n1Yd6NkRFok
चीता - जय भीम बोल के | Sanjay Yaduvanshi |,Sanjay Sultanpuriya ,82628,14561,3772,2,830,12,https://www.youtube.com/watch?v=BfudSWLBAK0
Raja Shivaji First Look Teaser Review | Yogi Bolta Hai,YOGI BOLTA HAI,299488,12440,677,8,1920,4,https://www.youtube.com/watch?v=kGRp3Tgjivw
NEW SQUAD SERIOUS 18 WWCD STREAK CHALLENGE  - #iQOO #iQOO15R,Snax Gaming,297442,17608,13,1,395,13,https://www.youtube.com/watch?v=6c8IlAhVRdI
താലത്തിൽ വെള്ളമെടുത്തു | പെസഹാ വ്യാഴാഴ്ചകളെ എന്നും ഭക്തിസാന്ദ്രമാക്കിയ മനോഹരഗാനം |#Pesahasongs| 2026,Das Creations,140738,1564,130,18,1011,13,https://www.youtube.com/watch?v=Tax5O3lCT0o
Aadu 3 Success Teaser | Jayasurya | Midhun Manuel Thomas | Vijay Babu & Venu Kunnappilly| Vinayakan,Friday Film House,443707,16455,535,14,3181,11,https://www.youtube.com/watch?v=mzuA8d72mXU
I Evolved MY SPINNER To MAX LEVEL!,I. M. Bixu,193422,7423,719,0,691,11,https://www.youtube.com/watch?v=-Ez7lC_nByo
2026 हनुमान जयंती Special - हैप्पी बर्थडे वीर हनुमान - Happy Birthday Veer Hanuman - Naresh Saini,Ambey Bhakti,271189,2974,127,19,4738,22,https://www.youtube.com/watch?v=zUuAd8UwNkk
RAMAYANA | Official Teaser Trailer (2026) 4K,JoBlo Movie Network,53724,518,110,3,588,13,https://www.youtube.com/watch?v=QF7H-tDf5Nk
I Found THE STRONGEST CONTROL Fruit In Blox Fruits 😱 | Roblox,NotGamerFleet,322054,29022,4806,0,469,6,https://www.youtube.com/watch?v=HNrpnftf5JM
हनुमान जन्मोत्सव विशेष श्री हनुमानाचा पाळणा l Hanuman Palna Marathi l Hanuman Janma Palna Marathi,Shri Swami Bhakti,85607,824,37,9,2878,23,https://www.youtube.com/watch?v=55eEarlXAYg
Supergirl Trailer Breakdown,ComicVerse,275240,15790,861,0,1454,8,https://www.youtube.com/watch?v=3jMtdP8TdSU
"I Spent 2,313,422 Robux in PULL THE LUCKY BLOCK Roblox",SenpaiUnlimited,243549,6061,947,2,351,3,https://www.youtube.com/watch?v=1jStvE5S9tg
नसीब वाले होते है जो बाबा श्याम का यह भजन सुनते है~Top Khatu Shyam Bhajans| Shyam Baba Ke Bhajans,Inspire Bhakti Sagar,27497,168,3,171,3072,11,https://www.youtube.com/watch?v=XaA-xdwS0ns
RAMAYANA Teaser Reaction 🔥 Rama | Namit Malhotra’s Ramayana | Nitesh Tiwari,Sabine Reacts: Bharat,29135,2526,235,9,1173,16,https://www.youtube.com/watch?v=UUW0N_Ru490
My Last Free Fire Gameplay 😑 Enough is Enough - Tonde Gamer,Tonde Gamer,1075982,95050,13321,0,882,7,https://www.youtube.com/watch?v=u28KlosdRTw
"#Video - चोली के समान - #Ashish Yadav, Khushi Kakkar का आ गया लगन का सबसे ब्लास्ट - New #Magahi Song",Aashish Yadav Dhamaka,78700,512,10,0,1334,0,https://www.youtube.com/watch?v=tqYnwTK59CM
Terror Official Trailer | Adityaa | Ranjan Shivaraam Gowda | Harsha Vardhan Raaj | Silk Manju,MRT Music,866712,12528,603,40,2684,12,https://www.youtube.com/watch?v=89C_B5mUIzk
[Hindi] BGIS 2026 | GRAND FINALS | Day 3 #BGMILIVE #BGIS,KRAFTON INDIA ESPORTS,6630327,212939,764,5,655,13,https://www.youtube.com/watch?v=lDw_cNwQS3A
Ishq e Pak (Official MV) Mankirt Aulakh | Zehr Vibe | New Punjabi Song 2026,Mankirt Aulakh,2846730,43024,893,8,2635,8,https://www.youtube.com/watch?v=C6TbXCj6_oE
Masters of The Universe – Official Trailer,Amazon MGM Studios,9867701,69105,7238,3,1304,12,https://www.youtube.com/watch?v=X21JsHLHnY8
🔴LIVE - HYDRA | DYNAMO vs CONQUEROR Lobby - Day 11 #bgmi #shorts,Dynamo Gaming,335221,6620,11,3,919,17,https://www.youtube.com/watch?v=xBXmrmZyG-8
हनुमान जन्मोत्सव का No.1 बधाई गीत Hanuman Janmotsav Bhajan 2026 | Nonstop Hanuman Jayanti Song 2026,Bhajan india Chetak,130237,1235,68,10,3782,23,https://www.youtube.com/watch?v=WQCvbgvUklM
"Ramayana Teaser: Public Angry on Namit Malhotra, 4000cr SCAM | Ramayan Rama Trailer Review Reaction",BHT REVIEW,42018,1908,792,8,1414,8,https://www.youtube.com/watch?v=CqDqqb_V9Bs
I PRETENDED TO BE A NOOB THEN USED SECRET DRAGON IN ROBLOX !!,Shivang Mini,198597,6420,8850,4,429,12,https://www.youtube.com/watch?v=YHyAJqqTfaU
#Video | #Banshidhar Chaudhary Ka Gana | Kam Nai Aitau 112 |  New Randari Song 2026,Banshidhar Chaudhary Hits,189833,1126,23,8,695,0,https://www.youtube.com/watch?v=VknywUwhj88
Vaazha 2: Biopic of a Billion Bros: Official Trailer | Releasing at PVR INOX on April 2,PVR,115951,1813,84,5,382,16,https://www.youtube.com/watch?v=PYI_dy23AuY
"Jonathan NEW Team 😳 GodLike Announcement🚨 Team Soul legit CHEATING Allegation🚀 BGMI, Team DISBAND",GamingNews15K,119275,5451,233,14,2000,13,https://www.youtube.com/watch?v=MKYKwGdfggg
जन्मे है हनुमान प्यारे | Janme Hai Hanuman Pyaare | Hanuman Jayanti Special | Hanuman Bhajan,Soulful Morning Bhajans ,73536,621,26,3,3165,1,https://www.youtube.com/watch?v=KRBGj6IWNmE
Backrooms | Official Trailer HD | A24,A24,9280693,432394,22013,0,849,15,https://www.youtube.com/watch?v=0HjdiohVOik
Franklin Tested CRAZY Cars on 799FT Drop  Which Car Survives? | GTA 5 Telugu | Dhanu Dino,DHANU DINO,154936,3793,116,20,672,10,https://www.youtube.com/watch?v=-WuY3pgm2Es
चुन्नी में चुन्नी में परफ्यूम लगावे चुन्नी म ~chunni mein chunni mein~ Sonam gujari Love Kush Meena,Khatu Bhakti Sagar,269818,907,21,39,4952,3,https://www.youtube.com/watch?v=tx1BzLBHxeU
😱 Ramayana Trailer Breakdown | Hidden Details You MISSED! (Namit Malhotra),Movies bolt,39973,1931,217,10,1693,7,https://www.youtube.com/watch?v=2diCFay7Ggo
Franklin & Shinchan Build Hidden Secret Bunker Inside Franklin’s Bed! 🛏️🕳️ | GTA 5,WasimByte,115132,1176,29,25,1144,6,https://www.youtube.com/watch?v=eMsePYPZ7hM
गुरुवार के दिन अपने घर में ये सुंदरकाण्ड पाठ चलाकर रख देना सभी दुःख दर्द सभी परेशानी जड़ से खत्म,Sampurn Sundarkand Path,142768,1505,132,15,1553,22,https://www.youtube.com/watch?v=sEo-jNxlIr0
Supergirl Tamil Trailer 2 Breakdown (தமிழ்),Mokka Commentry,51019,3563,137,3,947,7,https://www.youtube.com/watch?v=PabymHVoGgo
GTA V : Franklin And Shinchan Opened NEW BILLIONAIRE CAR SHOWROOM In GTA 5 Telugu |#gta5,MR DOMI,205511,3799,219,58,3457,7,https://www.youtube.com/watch?v=esMSt3lEkCw
Hanuman Palna हनुमान पाळणा - Jo Bala Jo Jo Re Jo | हनुमानाची गाणी Hanuman Chi Gani | Hanuman Song,Nova Marathi Bhakti,147444,657,29,3,4245,1,https://www.youtube.com/watch?v=hX0_YDWVdd4
🔴Ramayana Teaser Reaction | Man of Fiction Reacts,Man of Fiction Reacts,46713,1657,50,3,596,4,https://www.youtube.com/watch?v=UNIT0t___Hs
Aaja 1v1 Ep 2 ft. Legend vs Mafia | iQOO OGXTSG vs iQOO Total Gaming 🔥,Free Fire MAX Esports India Official,90114,12147,490,0,356,12,https://www.youtube.com/watch?v=YzHTmqFgAhI
#Video #रंगदारी | बन गेलिऔ शिकारी | #Raushan Rohi & #Srishti Bharti | #Jyoti | #Maghi Rangdari Song,Ravi Records,155968,11222,441,0,791,1,https://www.youtube.com/watch?v=iDawR6I_m78
Kathanar Trailer Reaction | Jayasurya | Anushka Shetty | Rojin Thomas,Parbrahm Singh,40172,2255,224,0,630,11,https://www.youtube.com/watch?v=STr4Ed8ic_s
BACK TO BOOTCAMP | LETS TALK | ROAD TO 900K | ZGOD | BGMI,ZGOD GAMING,263440,18205,62,4,911,12,https://www.youtube.com/watch?v=YBE5V0AZhW4
BTS (방탄소년단) 'SWIM' Live Clip II. (Swimming Pool ver.),BANGTANTV,6422587,1047875,48625,0,371,11,https://www.youtube.com/watch?v=om6HdemgTKQ
Kathanar Trailer Reaction | Jayasurya Anushka Shetty Rojin Thomas Gokulam Gopalan @UnniVlogs,Unni Vlogs Cinephile,107276,3286,305,21,1534,8,https://www.youtube.com/watch?v=Ob2Q5A146Fk
Franklin Finally Find Shinchan SECRET BASE & Destroyed it😱 Most Shocking Life Story,Happy Gamer,108180,1220,27,8,1457,10,https://www.youtube.com/watch?v=RXYP65FMsm0
Muddu Magale Video Song | Love Mocktail-3 | Darling Krishna | Vijay Prakash | Nakul Abhaynkar,Anand Audio,151359,2766,48,18,4098,10,https://www.youtube.com/watch?v=AwoEgbnKbTs
AWARAPAN 2 - Trailer (2026) | Emraan Hashmi | Disha Patani | Shriya Saran | Awarapan Full Movie,Uncut Cinema,122264,689,28,4,1741,10,https://www.youtube.com/watch?v=tDj1l66S4ls
SHINCHAN BECOME BILLIONAIRE AND FRANKLIN BECOME POOR IN GTA 5,KL Fun Gaming,49013,0,19,0,1092,6,https://www.youtube.com/watch?v=dOz20zfVr3c
"Hanuman Janmotsav 2026, श्री हनुमान जन्मोत्सव,Hanuman Jayanti, Hanuman Chalisa, Ashtak, Bajrang Baan",T-Series Bhakti Sagar,127647,1574,159,17,4413,0,https://www.youtube.com/watch?v=VJ6ipQCs_PA
Kathanar Official Trailer Reaction | Jayasurya Mohanlal Anushka Shetty Rojin | Entertainment Kizhi,Entertainment Kizhi,62202,3169,405,6,78,9,https://www.youtube.com/watch?v=k7XId1Uxw-w
April Fool Went WRONG 😱 Franklin Turned Into a Bear! | GTA 5 Malayalam,The Mallu Don,54833,590,35,6,545,3,https://www.youtube.com/watch?v=922En0dw5_E
O Bou ft.papu puja | Ajoy Boro Kd rabha | Aftab | Kasturi Pulak Nixasor |Official Comedy Music video,Pulak Nixasor,114766,9798,472,0,571,10,https://www.youtube.com/watch?v=yrah66FuGt0
"RAM NAAM SATYA || Movie Official Trailer 2026 || Biraj Bhatta, Sunil Thapa, Sushil, Aayush, Supuspa",OSR Digital,399760,23876,2459,26,4117,7,https://www.youtube.com/watch?v=wYWiv8qbhj8
ROAD TO 1.5 MILLION #iQOO #iQOO15,JokerKiHaveli,170776,13102,16,7,1151,20,https://www.youtube.com/watch?v=hxDGABNiQzI
हनुमान जन्मोत्सव स्पेशल भजन | Hanuman Janmotsav Bhajan | Hanuman Janmotsanv 2026 | Hanuman Jayanti,Bhakti Pravah,40089,271,19,68,2150,23,https://www.youtube.com/watch?v=-tgUJ6SK26o
Raja Shivaji Teaser Review,City Lights Marathi,40550,1893,1041,0,1454,4,https://www.youtube.com/watch?v=foCtxfcRMKM
आज होगा Business Deals का फैसला | TLRP,shreeman legend live,99312,10877,20,1,2991,21,https://www.youtube.com/watch?v=jdqKILFXK7M
Jailkhanwa Leli Janwa (जेलखनवा लेली जनवा) | JAILSTAR Movie Song | Raushan Rohi | Official Video 2026,Bhumi Original,51167,12029,819,15,1105,0,https://www.youtube.com/watch?v=iTss4V84Rkw
Ramayana Teaser Breakdown | Parshuram Attack & Kaikeyi's Secret War | Hidden Details | Filmi Prem,Filmi Prem,40428,2036,290,9,2630,13,https://www.youtube.com/watch?v=26nlqiOG5v0
Top 1 Heroic to Grandmaster Free Fire Live Rank Push #freefirelive #freefire,AAWARI GAMER,256816,4540,2,126,3800,18,https://www.youtube.com/watch?v=WUxAWQLicr8
#Video | सड़िया करिया | Ankush Raja | Sadiya Kariya | Karishma Kakkar | Viral Bhojpuri Song,Sanehiya Music,22556,97,5,7,1036,10,https://www.youtube.com/watch?v=JBtjd2lNZPE
TULSI VIVAH I तुलसी विवाह I SANJANA PANDEY I GOLU TIWARI I OFFICIAL TRAILER INEW BHOJPURI MOVIE 2026,B4U Bhojpuri,1723212,7456,90,11,2841,2,https://www.youtube.com/watch?v=eG17Cbc9U9g
Big Sank Game Fast Speed Special Day 107 Play 125 #shorta,SHIVAM S LIVE,647850,589,0,3,78,17,https://www.youtube.com/watch?v=o1vA5x71WsQ
श्री हनुमान चालीसा 🌺🙏 shree hanuman chalisa original video 🙏🌺gulshan kumarhariharan full hd,Raghu Bhakti Dham,43937,514,25,92,3477,12,https://www.youtube.com/watch?v=p-e_Tm4dH1M
Finding Harry: The Craft Behind the Magic Special | Official Trailer | HBO Max,Harry Potter,308825,13444,1128,1,1021,13,https://www.youtube.com/watch?v=0TsRwfhgeYc
Crazy Fan Girl forgot to stop recording… 😱,Ayush More,298531,9087,4352,5,1561,11,https://www.youtube.com/watch?v=8HWFXVZB8tI
"Guruthunda Music Video | Chennai Love Story | Kiran Abbavaraam, Sri Gouri Priya | Mani Sharma",T-Series Telugu,3497417,61278,1692,3,2030,16,https://www.youtube.com/watch?v=jOOiKHf0p6o
Darrendarr Modi : Dhurandhar 3 (trailer),Official PeeingHuman,200885,13634,1386,0,1107,11,https://www.youtube.com/watch?v=3hMiJPFzZZw
Frags highlights ||HunterZ || 🥷🏻,HunterZ Gamer,144641,10389,420,0,0,7,https://www.youtube.com/watch?v=IuBn7BRVSjs
Tu Naja Mere Badshah | Amitabh Bachchan | Sridevi | Khuda Gawah | 90's Hit Hindi Songs,SuperHits Bollywood,84274,390,8,5,1622,15,https://www.youtube.com/watch?v=Rq-seKLDVRA
Franklin Went Inside The Army’s Secret Garage in GTA 5!,HAMID-T GAMING,222121,4355,413,3,92,4,https://www.youtube.com/watch?v=dYOMF_f-zvk
हनुमान जयंती Special - hanuman jayanti songs - हनुमान जी के भजन -Bhakti Songs - Hanuman Jayanti 2026,Kunj Kripa ,38331,376,10,68,1796,10,https://www.youtube.com/watch?v=AT33IAfLjxY
🔴 FREE FIRE LIVE👻GARENA FREE FIRE💀GUILD TEST LIVE !! GAMING NINJA #fflive #shortslive #ff #shorts,NINJA TIME,349106,3558,0,93,4984,18,https://www.youtube.com/watch?v=oB2SOAc3fzk
हनुमान जयंती स्पेशल : 10 सेकंड में आएगी खुसखबरी ज़रुर सुने ये हनुमान चौपाई  | Hanuman Jayanti  2026,नीम करौली बाबा  NEEM KAROLI BABA ,43475,1079,145,31,737,23,https://www.youtube.com/watch?v=Bbw0OBv1V4g
Shift at Midnight Horror Got Even Crazier - More Shapeshifters,Live Insaan,1114976,37457,3774,0,682,13,https://www.youtube.com/watch?v=-6gBD1j14EA
Fantastic Five (Jukebox) Dulla | Deepak Dhillon | Gurlez Akhtar |Sukhpreet Kaur|SKY|New Punjabi Song,GurBilling Music,88232,4221,217,20,2563,4,https://www.youtube.com/watch?v=7Esd9pa0kpE
"BE BOOYAH WATCH PARTY DAY-2 || TG, GDR, TSG 🇮🇳 vs WAG, BTR, HEV, DRS, GOW  #iQOO15 #nonstopgaming",Nonstop Gaming,150543,9594,68,8,2158,15,https://www.youtube.com/watch?v=a6Eos45y4PM
"Pavazha Malli Unplugged (From ""Think Indie"")",Sai Abhyankkar - Topic,244253,7362,129,0,302,16,https://www.youtube.com/watch?v=CvvsvZii2IQ
DELETE PRANK लेकिन Gussa हो Gye 🥲😂 अब Kya होगा 😱 Garena Free Fire Max 🔥😈 Y GAMING,Y GAMING,131537,8594,911,8,239,7,https://www.youtube.com/watch?v=0L2tmfqVMSY
Hanuman Jayanti Bhajan 2026 हनुमान जयंती के नॉनस्टॉप भजन Hanuman Janamotsav Bhajan | Hanuman Bhajan,Supertone Digital,190753,905,59,10,4935,22,https://www.youtube.com/watch?v=rRCMTdGNyTc
4.3 UPDATE IS HERE IN BGMI SOLO VS SQUAD🔥 #bgmi #bgmilive #shortsfeed #shortslive,NeonXPawanOP,122437,1917,0,4,100,22,https://www.youtube.com/watch?v=8VevNUx1wOw
Panguni Uthiram 2026 Powerful Murugan Suprabatham And Kavasam |  TAMIL LYRICS,Emusic Abirami,136948,818,39,18,3422,21,https://www.youtube.com/watch?v=d6kisoWdUH4
New Update in INDIAN BIKE DRIVING 3D😱 Army Helocopter,Target siblings Gamerz,120678,3681,766,0,435,9,https://www.youtube.com/watch?v=QfjQb6rcBSM
"Dil Ka Kya Kare Sahib Hum Unhi Pe Marte Hain | Jeet | Sunny Deol, Tabu | Kavita Krishnamurthy",Tips Official,205241,1382,33,7,3629,5,https://www.youtube.com/watch?v=VYnhTXsXqH4
"Madam Ji (Official Video) Masoom Sharma | Amar Karnawal, Pinna Music | New Haryanvi Song 2025",@ Dev gamer,131943,0,15,9,2026,15,https://www.youtube.com/watch?v=Cwb_JYL_K20
பங்குனி உத்திரத்தில் நினைத்த காரியத்தில் வெற்றி தரும் முருகன் பாடலை கேளுங்கள் | Apoorva Audios,ApoorvaAudios,107974,836,163,21,1168,23,https://www.youtube.com/watch?v=DHu_77Cj5Y4
Franklin Traps ALL HAUNTED GHOST Inside Evil Watch In Indian Bike Driving 3D! 😱,NessFit Gamer,146823,0,7,4,1678,13,https://www.youtube.com/watch?v=A4N2_El-2uk
आज हनुमान जन्मोत्सव के दिन हनुमान जी की चमत्कारी जन्म कथा सुनने से सभी मनोकामनाएं पूर्ण होती है.....,Bhakti Darshan,101040,1547,158,17,1378,22,https://www.youtube.com/watch?v=otswaHyi-Bc
Granny ♥️  | 🔥Noob Angry Granny Live Stream🔥| ⚡ Pro Granny Can not Catch Me ⚡,Itz Gamer Tony,797121,2793,0,4,179,9,https://www.youtube.com/watch?v=0FNobkfoKVs
Jay Hanuman | Nonstop DJ Mix | DJ Maddy Mumbai 2026,DJ Maddy Mumbai,45323,471,10,0,1039,3,https://www.youtube.com/watch?v=NDyOj2nkZME
Franklin Bought a New Car… Then Michael STOLE It 😭,Nadyummy,40176,1140,72,10,229,10,https://www.youtube.com/watch?v=KVBbaVnVra0
Hanuman Chalisa | Shankar Mahadevan | HanumanJayanti 2026 | Devotional Bhajans of Hanuman,Times Music Spiritual,123684,620,36,12,1700,12,https://www.youtube.com/watch?v=PlyZDHrmGI8
WATCHPARTY DAY 2 BE BOOYAH  I TG FOZYAJAY I TOTAL GAMING ESPORTS | #iQOOTG,TG FozyAjay,111791,8230,137,123,3667,15,https://www.youtube.com/watch?v=TE34wbhBAVc
THIRD - เตือนแล้วนะ (Love Warning) [2026] | OFFICIAL MV,THIRD,983102,130366,5099,6,3520,11,https://www.youtube.com/watch?v=vYJL_SOWhMg
Michael Got Kidnapped By Tommy Vercetti | Gta 5 Gameplay #646,Insane Gaming With Mayank,88170,7670,364,1,239,13,https://www.youtube.com/watch?v=2THFikekGpg
#Video | का मुंह देखइबू हमरा माई के | #Raushan Rohi का #दर्दभरा गाना | New #Sad Song 2026,Raushan Rohi Entertainment,640695,37366,2745,0,1016,2,https://www.youtube.com/watch?v=UAS3Y4YcwiE
GTA V : Franklin And Shinchan Become GOLDEN BILLIONAIRE In GTA 5 Telugu | SHINCHAN and CHOP,Pennem Star,48950,748,15,6,339,11,https://www.youtube.com/watch?v=kDZv9Di27xo
"हनुमान जयंती Special | हनुमान चालीसा, हनुमान भजन | Hanuman Jayanti Dj Song 2026 | Hanuman Song 2026",Chanda Pop Songs,56142,201,20,16,3600,12,https://www.youtube.com/watch?v=_KJzZcFGTdo
ROBLOX GUESS THE CLONE OR LOSE !!,GemBlox,88818,2849,1865,4,521,12,https://www.youtube.com/watch?v=GxczqjgICE8
Dhanya Dhanya Anjani Na Jaya Hanumanji | Gujarati Devotional Bhajan|ધન્ય ધન્ય અંજનીના જાયા હનુમાનજી,Bhakti Ras,26399,198,3,3,419,23,https://www.youtube.com/watch?v=TdUphhDD4so
LIVE 🛑 GTA V SUPERCAR SPEED TEST  #gta5 #gaming #gtav,Hear Is Live,650733,5231,0,38,808,8,https://www.youtube.com/watch?v=2YxnWqsaPR8
Best Hanuman Chalisa | Daily Listening | MPD Bhakti Marathi Hanuman Jayanti Special,MPD Bhakti Marathi,17455,53,0,19,1450,12,https://www.youtube.com/watch?v=N3eDIA0nwro
